[{"id":"user-image-Advertisement-Media.jpg","fileName":"Advertisement-Media.jpg","name":"Advertisement-Media","publicUrl":"https://assets.nicepagecdn.com/67fcba7e/6143535/images/Advertisement-Media.jpg","size":379707,"hash":"EBoXDON9WZI5efyltiqe/vER2yo=","width":750,"height":401,"folderId":null,"thumbnail":{"url":"https://assets.nicepagecdn.com/67fcba7e/6143535/images/thumbnails/Advertisement-Media.jpg","width":150,"height":80},"usages":["98468410"]},{"id":"user-image-study-material.png","fileName":"study-material.png","name":"study-material","publicUrl":"https://assets.nicepagecdn.com/67fcba7e/6143535/images/study-material.png","size":80413,"hash":"Nc9NZDrWKlpdDAorhN0EkeRxbDw=","width":420,"height":258,"folderId":null,"thumbnail":{"url":"https://assets.nicepagecdn.com/67fcba7e/6143535/images/thumbnails/study-material.png","width":150,"height":92},"usages":["98468410"]},{"id":"user-image-360_F_571834789_ujYbUnH190iUokdDhZq7GXeTBRgqYVwa.jpg","fileName":"360_F_571834789_ujYbUnH190iUokdDhZq7GXeTBRgqYVwa.jpg","name":"360_F_571834789_ujYbUnH190iUokdDhZq7GXeTBRgqYVwa","publicUrl":"https://assets.nicepagecdn.com/67fcba7e/6143535/images/360_F_571834789_ujYbUnH190iUokdDhZq7GXeTBRgqYVwa.jpg","size":40065,"hash":"aM6GsL8zFd3pC/FblKQB9RlbWCw=","width":639,"height":360,"folderId":null,"thumbnail":{"url":"https://assets.nicepagecdn.com/67fcba7e/6143535/images/thumbnails/360_F_571834789_ujYbUnH190iUokdDhZq7GXeTBRgqYVwa.jpg","width":150,"height":85},"usages":["956503850"]},{"id":"user-image-ai-artificial-intelligence-technology-background-vector-30426173.jpg","fileName":"ai-artificial-intelligence-technology-background-vector-30426173.jpg","name":"ai-artificial-intelligence-technology-background-vector-30426173","publicUrl":"https://assets.nicepagecdn.com/67fcba7e/6143535/images/ai-artificial-intelligence-technology-background-vector-30426173.jpg","size":149611,"hash":"xektvYzCeOTDJozxRsfzUGHb8XA=","width":1000,"height":780,"folderId":null,"thumbnail":{"url":"https://assets.nicepagecdn.com/67fcba7e/6143535/images/thumbnails/ai-artificial-intelligence-technology-background-vector-30426173.jpg","width":150,"height":117},"usages":[]},{"id":"user-image-835C3E8D-D959-4A3A-B895-AB4C314E398A.png","fileName":"835C3E8D-D959-4A3A-B895-AB4C314E398A.png","name":"835C3E8D-D959-4A3A-B895-AB4C314E398A","publicUrl":"https://assets.nicepagecdn.com/67fcba7e/6143535/images/835C3E8D-D959-4A3A-B895-AB4C314E398A.png","size":38933,"hash":"4CmNMiKN+yB9bj2sGL4DwFtz+HQ=","width":750,"height":459,"folderId":null,"thumbnail":{"url":"https://assets.nicepagecdn.com/67fcba7e/6143535/images/thumbnails/835C3E8D-D959-4A3A-B895-AB4C314E398A.png","width":150,"height":92},"usages":["98468410"]},{"id":"user-image-youtube-shorts6078.jpg","fileName":"youtube-shorts6078.jpg","name":"youtube-shorts6078","publicUrl":"https://assets.nicepagecdn.com/67fcba7e/6143535/images/youtube-shorts6078.jpg","size":15906,"hash":"DAoGkg/jtdWl4RKR5Sl1PifqjvQ=","width":866,"height":650,"folderId":null,"thumbnail":{"url":"https://assets.nicepagecdn.com/67fcba7e/6143535/images/thumbnails/youtube-shorts6078.jpg","width":150,"height":113},"usages":["98468410"]},{"id":"user-image-unnamed.png","fileName":"unnamed.png","name":"unnamed","publicUrl":"https://assets.nicepagecdn.com/67fcba7e/6143535/images/unnamed.png","size":5914,"hash":"SLfsQH46qkPDXIkFlJdy0PTWHwk=","width":512,"height":512,"folderId":null,"thumbnail":{"url":"https://assets.nicepagecdn.com/67fcba7e/6143535/images/thumbnails/unnamed.png","width":150,"height":150},"usages":[]},{"id":"user-image-Contact-Us-Vector-Illustration-1.jpg","fileName":"Contact-Us-Vector-Illustration-1.jpg","name":"Contact-Us-Vector-Illustration-1","publicUrl":"https://assets.nicepagecdn.com/67fcba7e/6143535/images/Contact-Us-Vector-Illustration-1.jpg","size":111733,"hash":"7ISOIodQXSa7gCCnhJFETxceZuE=","width":2000,"height":1800,"folderId":null,"thumbnail":{"url":"https://assets.nicepagecdn.com/67fcba7e/6143535/images/thumbnails/Contact-Us-Vector-Illustration-1.jpg","width":150,"height":135},"usages":["51378353"]},{"id":"user-image-Screenshot_2024-01-12_213343-removebg-preview.png","fileName":"Screenshot_2024-01-12_213343-removebg-preview.png","name":"Screenshot_2024-01-12_213343-removebg-preview","publicUrl":"https://assets.nicepagecdn.com/67fcba7e/6143535/images/Screenshot_2024-01-12_213343-removebg-preview.png","size":38513,"hash":"viBnmaA4q7jRHyZD4CSFxKeJ6Q4=","width":354,"height":186,"folderId":null,"thumbnail":{"url":"https://assets.nicepagecdn.com/67fcba7e/6143535/images/thumbnails/Screenshot_2024-01-12_213343-removebg-preview.png","width":150,"height":79},"usages":[]},{"id":"user-image-AI-Motherboard-scaled.jpg","fileName":"AI-Motherboard-scaled.jpg","name":"AI-Motherboard-scaled","publicUrl":"https://assets.nicepagecdn.com/67fcba7e/6143535/images/AI-Motherboard-scaled.jpg","size":244956,"hash":"TMZDHr7w8ULvsnVUyX3AJdXj9AM=","width":2560,"height":1378,"folderId":null,"thumbnail":{"url":"https://assets.nicepagecdn.com/67fcba7e/6143535/images/thumbnails/AI-Motherboard-scaled.jpg","width":150,"height":81},"usages":[]},{"id":"user-image-generative-ai_leadin.jpg","fileName":"generative-ai_leadin.jpg","name":"generative-ai_leadin","publicUrl":"https://assets.nicepagecdn.com/67fcba7e/6143535/images/generative-ai_leadin.jpg","size":381357,"hash":"OBmFzhrYohM3R026ZGBY45fUSso=","width":2001,"height":1335,"folderId":null,"thumbnail":{"url":"https://assets.nicepagecdn.com/67fcba7e/6143535/images/thumbnails/generative-ai_leadin.jpg","width":150,"height":100},"usages":["98468410"]},{"id":"user-image-98468410-1.jpeg","fileName":"98468410-1.jpeg","name":"98468410-1","publicUrl":"https://assets.nicepagecdn.com/67fcba7e/6143535/images/98468410-1.jpeg","size":703541,"hash":"bu21i05CRKWq/tYh/+B3Yb/qqzI=","width":1778,"height":1000,"folderId":null,"thumbnail":{"url":"https://assets.nicepagecdn.com/67fcba7e/6143535/images/thumbnails/98468410-1.jpeg","width":150,"height":84},"usages":["98468410"]},{"id":"user-image-Screenshot_2024-01-12_172923-removebg-preview1.png","fileName":"Screenshot_2024-01-12_172923-removebg-preview1.png","name":"Screenshot_2024-01-12_172923-removebg-preview1","publicUrl":"https://assets.nicepagecdn.com/67fcba7e/6143535/images/Screenshot_2024-01-12_172923-removebg-preview1.png","size":73522,"hash":"ZyBn1KVkyca2hFfXne9ObeocCJ4=","width":596,"height":288,"folderId":null,"thumbnail":{"url":"https://assets.nicepagecdn.com/67fcba7e/6143535/images/thumbnails/Screenshot_2024-01-12_172923-removebg-preview1.png","width":150,"height":72},"usages":[]},{"id":"user-image-98468410-0.jpeg","fileName":"98468410-0.jpeg","name":"98468410-0","publicUrl":"https://assets.nicepagecdn.com/67fcba7e/6143535/images/98468410-0.jpeg","size":211741,"hash":"M7cTB1AdSDjhmpu9c04XeC318X0=","width":1500,"height":1000,"folderId":null,"thumbnail":{"url":"https://assets.nicepagecdn.com/67fcba7e/6143535/images/thumbnails/98468410-0.jpeg","width":150,"height":100},"usages":[]},{"id":"user-image-Screenshot2024-01-12172923.png","fileName":"Screenshot2024-01-12172923.png","name":"Screenshot2024-01-12172923","publicUrl":"https://assets.nicepagecdn.com/67fcba7e/6143535/images/Screenshot2024-01-12172923.png","size":27068,"hash":"OyxuxOrEiteZkWgHkV2aANNtrwE=","width":596,"height":288,"folderId":null,"thumbnail":{"url":"https://assets.nicepagecdn.com/67fcba7e/6143535/images/thumbnails/Screenshot2024-01-12172923.png","width":150,"height":72},"usages":[]}]