[{"id":1230120558,"title":"Blog Template","order":1,"templateKey":"blog","customTemplate":false,"customTemplateFilename":null,"pageLinks":[],"dateCreated":"2024-01-12T11:32:42.209Z","dateUpdated":"2024-01-12T11:32:54.322Z","folderId":null,"pageName":"Blog Template","sectionCount":1,"status":2},{"id":71695372,"title":"Post Template","order":2,"templateKey":"post","customTemplate":false,"customTemplateFilename":null,"pageLinks":[],"dateCreated":"2024-01-12T11:32:42.435Z","dateUpdated":"2024-01-12T11:32:54.323Z","folderId":null,"pageName":"Post Template","sectionCount":1,"status":2},{"id":15287012,"title":"Product List Template","order":3,"templateKey":"products","customTemplate":false,"customTemplateFilename":null,"pageLinks":[],"dateCreated":"2024-01-12T11:32:42.651Z","dateUpdated":"2024-01-12T11:32:54.323Z","folderId":null,"pageName":"Product List Template","sectionCount":1,"status":2},{"id":864211424,"title":"Product Details Template","order":4,"templateKey":"product","customTemplate":false,"customTemplateFilename":null,"pageLinks":[],"dateCreated":"2024-01-12T11:32:42.845Z","dateUpdated":"2024-01-12T11:32:54.323Z","folderId":null,"pageName":"Product Details Template","sectionCount":1,"status":2},{"id":267738700,"title":"Shopping Cart Template","order":5,"templateKey":"cart","customTemplate":false,"customTemplateFilename":null,"pageLinks":[],"dateCreated":"2024-01-12T11:32:43.027Z","dateUpdated":"2024-01-12T11:32:54.323Z","folderId":null,"pageName":"Shopping Cart Template","sectionCount":1,"status":2},{"id":52913864,"title":"Login Template","order":7,"templateKey":"login","customTemplate":false,"customTemplateFilename":null,"pageLinks":[],"dateCreated":"2024-01-12T11:32:43.234Z","dateUpdated":"2024-01-12T11:32:54.323Z","folderId":null,"pageName":"Login Template","sectionCount":1,"status":2},{"id":90027193,"title":"Password Template","order":8,"templateKey":"password","customTemplate":false,"customTemplateFilename":null,"pageLinks":[],"dateCreated":"2024-01-12T11:32:43.339Z","dateUpdated":"2024-01-12T11:32:54.323Z","folderId":null,"pageName":"Password Template","sectionCount":1,"status":2},{"id":1091322538,"title":"404 Not Found Template","order":9,"templateKey":"404","customTemplate":false,"customTemplateFilename":null,"pageLinks":[],"dateCreated":"2024-01-12T11:32:43.433Z","dateUpdated":"2024-01-12T11:32:54.323Z","folderId":null,"pageName":"404 Not Found Template","sectionCount":1,"status":2},{"id":229854611,"title":"Thank You Template","order":10,"templateKey":"ThankYou","customTemplate":false,"customTemplateFilename":null,"pageLinks":[],"dateCreated":"2024-01-12T11:32:43.523Z","dateUpdated":"2024-01-12T11:32:54.323Z","folderId":null,"pageName":"Thank You Template","sectionCount":1,"status":2},{"id":98468410,"title":"Home","order":50,"templateKey":null,"customTemplate":false,"customTemplateFilename":null,"pageLinks":[],"dateCreated":"2024-01-12T11:32:57.819Z","dateUpdated":"2024-01-13T11:27:42.795Z","folderId":null,"pageName":"Home_98468410","sectionCount":5,"status":2},{"id":73321825,"title":"About","order":100,"templateKey":null,"customTemplate":false,"customTemplateFilename":null,"pageLinks":[],"dateCreated":"2024-01-12T11:32:43.901Z","dateUpdated":"2024-01-13T08:24:02.727Z","folderId":null,"pageName":"About_73321825","sectionCount":5,"status":2},{"id":51378353,"title":"Contact","order":101,"templateKey":null,"customTemplate":false,"customTemplateFilename":null,"pageLinks":[],"dateCreated":"2024-01-12T11:32:43.958Z","dateUpdated":"2024-01-13T08:25:40.187Z","folderId":null,"pageName":"Contact_51378353","sectionCount":2,"status":2},{"id":956503850,"title":"login","order":102,"templateKey":null,"customTemplate":false,"customTemplateFilename":null,"pageLinks":[],"dateCreated":"2024-01-12T11:33:28.091Z","dateUpdated":"2024-01-13T07:17:20.436Z","folderId":null,"pageName":"login_956503850","sectionCount":1,"status":2}]